[
	{
		"key": "sb",
		"value": "4IJJZXNNLmP3FW1W0CZw00_2",
		"domain": "facebook.com",
		"path": "/",
		"hostOnly": false,
		"creation": "2024-01-13T00:46:25.107Z",
		"lastAccessed": "2024-01-13T00:46:28.085Z"
	},
	{
		"key": "datr",
		"value": "6npnZSPUeQYGR_psgEDNaXH3",
		"domain": "facebook.com",
		"path": "/",
		"hostOnly": false,
		"creation": "2024-01-13T00:46:25.162Z",
		"lastAccessed": "2024-01-13T00:46:28.085Z"
	},
	{
		"key": "wd",
		"value": "1536x738",
		"domain": "facebook.com",
		"path": "/",
		"hostOnly": false,
		"creation": "2024-01-13T00:46:25.167Z",
		"lastAccessed": "2024-01-13T00:46:28.085Z"
	},
	{
		"key": "dpr",
		"value": "1.25",
		"domain": "facebook.com",
		"path": "/",
		"hostOnly": false,
		"creation": "2024-01-13T00:46:25.170Z",
		"lastAccessed": "2024-01-13T00:46:28.085Z"
	},
	{
		"key": "c_user",
		"value": "100075355876941",
		"domain": "facebook.com",
		"path": "/",
		"hostOnly": false,
		"creation": "2024-01-13T00:46:25.172Z",
		"lastAccessed": "2024-01-13T00:46:28.085Z"
	},
	{
		"key": "xs",
		"value": "49%3AJfZIRp58Z9q9BA%3A2%3A1704903597%3A-1%3A6287%3A%3AAcWanKDuBrbBVxubYlI4fLBBD2wXcpgXIU8haDemYQ",
		"domain": "facebook.com",
		"path": "/",
		"hostOnly": false,
		"creation": "2024-01-13T00:46:25.175Z",
		"lastAccessed": "2024-01-13T00:46:28.085Z"
	},
	{
		"key": "fr",
		"value": "1ySrfHQV2zjuk2q6B.AWWnIjNtJxGgk3tIss3-BG5gFHM.Blodkv.c7.AAA.0.0.Blodnr.AWVQ80EyyFQ",
		"domain": "facebook.com",
		"path": "/",
		"hostOnly": false,
		"creation": "2024-01-13T00:46:25.176Z",
		"lastAccessed": "2024-01-13T00:46:28.085Z"
	},
	{
		"key": "presence",
		"value": "C%7B%22t3%22%3A%5B%5D%2C%22utc3%22%3A1705105905748%2C%22v%22%3A1%7D",
		"domain": "facebook.com",
		"path": "/",
		"hostOnly": false,
		"creation": "2024-01-13T00:46:25.178Z",
		"lastAccessed": "2024-01-13T00:46:28.085Z"
	},
	{
		"key": "m_page_voice",
		"value": "100075355876941",
		"domain": "facebook.com",
		"path": "/",
		"hostOnly": false,
		"creation": "2024-01-13T00:46:25.179Z",
		"lastAccessed": "2024-01-13T00:46:28.085Z"
	},
	{
		"key": "sb",
		"value": "4IJJZXNNLmP3FW1W0CZw00_2",
		"domain": "facebook.com",
		"path": "/",
		"hostOnly": false,
		"creation": "2024-01-13T00:46:25.107Z",
		"lastAccessed": "2024-01-13T00:46:28.085Z"
	},
	{
		"key": "datr",
		"value": "6npnZSPUeQYGR_psgEDNaXH3",
		"domain": "facebook.com",
		"path": "/",
		"hostOnly": false,
		"creation": "2024-01-13T00:46:25.162Z",
		"lastAccessed": "2024-01-13T00:46:28.085Z"
	},
	{
		"key": "wd",
		"value": "1536x738",
		"domain": "facebook.com",
		"path": "/",
		"hostOnly": false,
		"creation": "2024-01-13T00:46:25.167Z",
		"lastAccessed": "2024-01-13T00:46:28.085Z"
	},
	{
		"key": "dpr",
		"value": "1.25",
		"domain": "facebook.com",
		"path": "/",
		"hostOnly": false,
		"creation": "2024-01-13T00:46:25.170Z",
		"lastAccessed": "2024-01-13T00:46:28.085Z"
	},
	{
		"key": "c_user",
		"value": "100075355876941",
		"domain": "facebook.com",
		"path": "/",
		"hostOnly": false,
		"creation": "2024-01-13T00:46:25.172Z",
		"lastAccessed": "2024-01-13T00:46:28.085Z"
	},
	{
		"key": "xs",
		"value": "49%3AJfZIRp58Z9q9BA%3A2%3A1704903597%3A-1%3A6287%3A%3AAcWanKDuBrbBVxubYlI4fLBBD2wXcpgXIU8haDemYQ",
		"domain": "facebook.com",
		"path": "/",
		"hostOnly": false,
		"creation": "2024-01-13T00:46:25.175Z",
		"lastAccessed": "2024-01-13T00:46:28.085Z"
	},
	{
		"key": "fr",
		"value": "1ySrfHQV2zjuk2q6B.AWWnIjNtJxGgk3tIss3-BG5gFHM.Blodkv.c7.AAA.0.0.Blodnr.AWVQ80EyyFQ",
		"domain": "facebook.com",
		"path": "/",
		"hostOnly": false,
		"creation": "2024-01-13T00:46:25.176Z",
		"lastAccessed": "2024-01-13T00:46:28.085Z"
	},
	{
		"key": "presence",
		"value": "C%7B%22t3%22%3A%5B%5D%2C%22utc3%22%3A1705105905748%2C%22v%22%3A1%7D",
		"domain": "facebook.com",
		"path": "/",
		"hostOnly": false,
		"creation": "2024-01-13T00:46:25.178Z",
		"lastAccessed": "2024-01-13T00:46:28.085Z"
	},
	{
		"key": "m_page_voice",
		"value": "100075355876941",
		"domain": "facebook.com",
		"path": "/",
		"hostOnly": false,
		"creation": "2024-01-13T00:46:25.179Z",
		"lastAccessed": "2024-01-13T00:46:28.085Z"
	},
	{
		"key": "m_page_voice",
		"value": "100075355876941",
		"domain": "messenger.com",
		"path": "/",
		"hostOnly": false,
		"creation": "2024-01-13T00:46:25.188Z",
		"lastAccessed": "2024-01-13T00:46:28.086Z"
	}
]